{"tag": "pronouns", "precision": 0.75, "recall": 0.6923076923076923, "f1": 0.7199999999999999}
{"tag": "formality", "precision": 0.9034013605442177, "recall": 0.8341708542713567, "f1": 0.86740692357936}
{"tag": "lexical_cohesion", "precision": 0.7926829268292683, "recall": 0.6310679611650486, "f1": 0.7027027027027029}
