{"tag": "pronouns", "precision": 0.7571428571428571, "recall": 0.8153846153846154, "f1": 0.7851851851851851}
{"tag": "formality", "precision": 0.8650693568726355, "recall": 0.8618090452261307, "f1": 0.8634361233480177}
{"tag": "lexical_cohesion", "precision": 0.813953488372093, "recall": 0.6796116504854369, "f1": 0.7407407407407407}
