{"tag": "pronouns", "precision": 0.7671232876712328, "recall": 0.8615384615384616, "f1": 0.8115942028985507}
{"tag": "formality", "precision": 0.9373433583959899, "recall": 0.9396984924623115, "f1": 0.9385194479297366}
{"tag": "lexical_cohesion", "precision": 0.8037383177570093, "recall": 0.8349514563106796, "f1": 0.819047619047619}
