{"tag": "pronouns", "precision": 0.7432432432432432, "recall": 0.8461538461538461, "f1": 0.7913669064748202}
{"tag": "lexical_cohesion", "precision": 0.8202247191011236, "recall": 0.7087378640776699, "f1": 0.7604166666666665}
{"tag": "formality", "precision": 0.8252032520325203, "recall": 0.7650753768844221, "f1": 0.7940026075619295}
