{"tag": "pronouns", "precision": 0.7464788732394366, "recall": 0.8153846153846154, "f1": 0.7794117647058824}
{"tag": "lexical_cohesion", "precision": 0.7931034482758621, "recall": 0.6699029126213593, "f1": 0.7263157894736842}
{"tag": "formality", "precision": 0.9245033112582781, "recall": 0.8768844221105527, "f1": 0.9000644745325596}
