{"tag": "pronouns", "precision": 0.7301587301587301, "recall": 0.7076923076923077, "f1": 0.7187500000000001}
{"tag": "formality", "precision": 0.863697705802969, "recall": 0.8040201005025126, "f1": 0.8327911515940144}
{"tag": "lexical_cohesion", "precision": 0.8289473684210527, "recall": 0.6116504854368932, "f1": 0.7039106145251397}
