{"tag": "pronouns", "precision": 0.7543859649122807, "recall": 0.6615384615384615, "f1": 0.7049180327868853}
{"tag": "formality", "precision": 0.9111405835543767, "recall": 0.8630653266331658, "f1": 0.8864516129032258}
{"tag": "lexical_cohesion", "precision": 0.8888888888888888, "recall": 0.7766990291262136, "f1": 0.8290155440414507}
