{"tag": "verb_form", "precision": 0.6288951841359773, "recall": 0.5677749360613811, "f1": 0.5967741935483871}
{"tag": "pronouns", "precision": 0.9077568134171907, "recall": 0.7204658901830283, "f1": 0.8033395176252318}
{"tag": "formality", "precision": 0.9017580144777663, "recall": 0.7877145438121048, "f1": 0.840887174541948}
{"tag": "lexical_cohesion", "precision": 0.4636363636363636, "recall": 0.425, "f1": 0.44347826086956516}
