{"tag": "pronouns", "precision": 0.8447712418300654, "recall": 0.8602329450915142, "f1": 0.8524319868095631}
{"tag": "verb_form", "precision": 0.6811594202898551, "recall": 0.6010230179028133, "f1": 0.6385869565217391}
{"tag": "lexical_cohesion", "precision": 0.8679245283018868, "recall": 0.7666666666666667, "f1": 0.8141592920353983}
{"tag": "formality", "precision": 0.8488063660477454, "recall": 0.8672086720867209, "f1": 0.8579088471849866}
