{"tag": "verb_form", "precision": 0.7559681697612732, "recall": 0.7289002557544757, "f1": 0.7421875}
{"tag": "pronouns", "precision": 0.9200652528548124, "recall": 0.9384359400998337, "f1": 0.9291598023064251}
{"tag": "formality", "precision": 0.9372026641294006, "recall": 0.8897922312556459, "f1": 0.912882298424467}
{"tag": "lexical_cohesion", "precision": 0.8809523809523809, "recall": 0.925, "f1": 0.9024390243902439}
