{"tag": "pronouns", "precision": 0.8333333333333334, "recall": 0.8069883527454242, "f1": 0.819949281487743}
{"tag": "verb_form", "precision": 0.7173333333333334, "recall": 0.6879795396419437, "f1": 0.7023498694516971}
{"tag": "lexical_cohesion", "precision": 0.8623853211009175, "recall": 0.7833333333333333, "f1": 0.8209606986899564}
{"tag": "formality", "precision": 0.8833955223880597, "recall": 0.8554652213188798, "f1": 0.8692060578246903}
