{"tag": "verb_form", "precision": 0.7962962962962963, "recall": 0.659846547314578, "f1": 0.7216783216783216}
{"tag": "pronouns", "precision": 0.9454225352112676, "recall": 0.8935108153078203, "f1": 0.9187339606501282}
{"tag": "formality", "precision": 0.9543726235741445, "recall": 0.9069557362240289, "f1": 0.9300602130616027}
{"tag": "lexical_cohesion", "precision": 0.8899082568807339, "recall": 0.8083333333333333, "f1": 0.8471615720524018}
