{"tag": "lexical_cohesion", "precision": 0.8070175438596491, "recall": 0.7666666666666667, "f1": 0.7863247863247863}
{"tag": "pronouns", "precision": 0.8934010152284264, "recall": 0.8785357737104825, "f1": 0.8859060402684563}
{"tag": "formality", "precision": 0.9058171745152355, "recall": 0.8861788617886179, "f1": 0.8958904109589042}
{"tag": "verb_form", "precision": 0.7220630372492837, "recall": 0.6445012787723785, "f1": 0.6810810810810811}
