{"tag": "formality", "precision": 0.6938775510204082, "recall": 0.44155844155844154, "f1": 0.5396825396825397}
{"tag": "lexical_cohesion", "precision": 0.732824427480916, "recall": 0.7619047619047619, "f1": 0.7470817120622568}
