{"tag": "lexical_cohesion", "precision": 0.6612903225806451, "recall": 0.6507936507936508, "f1": 0.656}
{"tag": "formality", "precision": 0.5, "recall": 0.1038961038961039, "f1": 0.17204301075268819}
