{"tag": "formality", "precision": 0.7297297297297297, "recall": 0.35064935064935066, "f1": 0.4736842105263157}
{"tag": "lexical_cohesion", "precision": 0.7045454545454546, "recall": 0.7380952380952381, "f1": 0.7209302325581395}
