{"tag": "lexical_cohesion", "precision": 0.7350427350427351, "recall": 0.6825396825396826, "f1": 0.7078189300411523}
{"tag": "formality", "precision": 0.2545454545454545, "recall": 0.18181818181818182, "f1": 0.21212121212121213}
