{"tag": "lexical_cohesion", "precision": 0.6831683168316832, "recall": 0.6448598130841121, "f1": 0.6634615384615385}
{"tag": "formality", "precision": 0.502360717658168, "recall": 0.48319709355131696, "f1": 0.4925925925925926}
{"tag": "verb_form", "precision": 0.3, "recall": 0.25, "f1": 0.2727272727272727}
