{"tag": "formality", "precision": 0.36311787072243346, "recall": 0.3469573115349682, "f1": 0.3548536925220623}
{"tag": "lexical_cohesion", "precision": 0.616, "recall": 0.719626168224299, "f1": 0.6637931034482759}
{"tag": "verb_form", "precision": 0.5, "recall": 0.3333333333333333, "f1": 0.4}
