{"tag": "verb_form", "precision": 0.25, "recall": 0.16666666666666666, "f1": 0.2}
{"tag": "lexical_cohesion", "precision": 0.7843137254901961, "recall": 0.7476635514018691, "f1": 0.7655502392344498}
{"tag": "formality", "precision": 0.6174812030075187, "recall": 0.5967302452316077, "f1": 0.6069284064665127}
