{"tag": "lexical_cohesion", "precision": 0.5365853658536586, "recall": 0.616822429906542, "f1": 0.573913043478261}
{"tag": "formality", "precision": 0.575531914893617, "recall": 0.4913714804722979, "f1": 0.5301322880940715}
{"tag": "verb_form", "precision": 0.3125, "recall": 0.4166666666666667, "f1": 0.35714285714285715}
