{"tag": "lexical_cohesion", "precision": 0.8857142857142857, "recall": 0.8691588785046729, "f1": 0.8773584905660377}
{"tag": "formality", "precision": 0.9490268767377201, "recall": 0.9300635785649409, "f1": 0.9394495412844036}
{"tag": "verb_form", "precision": 0.6, "recall": 0.5, "f1": 0.5454545454545454}
