{"tag": "pronouns", "precision": 0.5882352941176471, "recall": 0.45454545454545453, "f1": 0.5128205128205129}
{"tag": "lexical_cohesion", "precision": 0.9017857142857143, "recall": 0.9528301886792453, "f1": 0.926605504587156}
{"tag": "formality", "precision": 0.8526785714285714, "recall": 0.8042105263157895, "f1": 0.8277356446370531}
