{"tag": "pronouns", "precision": 0.7619047619047619, "recall": 0.7272727272727273, "f1": 0.7441860465116279}
{"tag": "formality", "precision": 0.875, "recall": 0.8842105263157894, "f1": 0.8795811518324607}
{"tag": "lexical_cohesion", "precision": 0.9210526315789473, "recall": 0.9905660377358491, "f1": 0.9545454545454546}
