{"tag": "pronouns", "precision": 0.6111111111111112, "recall": 0.5, "f1": 0.55}
{"tag": "formality", "precision": 0.8043956043956044, "recall": 0.7705263157894737, "f1": 0.7870967741935484}
{"tag": "lexical_cohesion", "precision": 0.8648648648648649, "recall": 0.9056603773584906, "f1": 0.8847926267281107}
