{"tag": "pronouns", "precision": 0.5714285714285714, "recall": 0.5454545454545454, "f1": 0.5581395348837208}
{"tag": "lexical_cohesion", "precision": 0.8617021276595744, "recall": 0.7641509433962265, "f1": 0.8099999999999999}
{"tag": "formality", "precision": 0.5945945945945946, "recall": 0.3705263157894737, "f1": 0.456549935149157}
