{"tag": "pronouns", "precision": 0.5263157894736842, "recall": 0.45454545454545453, "f1": 0.4878048780487805}
{"tag": "formality", "precision": 0.7738095238095238, "recall": 0.6842105263157895, "f1": 0.7262569832402235}
{"tag": "lexical_cohesion", "precision": 0.8918918918918919, "recall": 0.9339622641509434, "f1": 0.9124423963133641}
